Cheesecake, Tea, Diapers, Baby Powder, Grapes, Banana, Cream Cheese, Bagel, Pumpkin pie, Turkey stuffing, Kale, Spinach, Pork chops, Potato
Pineapple, Blueberries, Turkey, Cranberry sauce
Tuna, Mayonnaise, Bagel, Cream Cheese, Almond Milk, Cereal
Sweet Potato, Potato, Cream, Sugar, Asparagus, Salmon, Ice cream, Blueberries
Bagel, Cream Cheese, Broth, Carrots, Soda, Chips, Almond Milk, Cereal
Frozen blueberries, Banana, Mango, Apples
Burger, Tomatoes, Mayonnaise, Tuna, Grapes, Banana, Peanuts, Almonds, Squash, Pumpkin
Wine, Cheese
Almonds, Peanuts, Burger, Tomatoes, Cereal, Milk, Pumpkin, Cranberry sauce
Pomegranates, Banana, Figs, Almonds, Pork chops, Potato, Mushrooms, Onions, Brussel Sprouts, Brocolli
Ground Beef, Bread, Peas, Kidney beans, Spring mix, Spinach
Cream Cheese, Bagel, Mango, Apples, Burger, Tomatoes
Crackers, Salsa, Apple pie, Tea, Parchment paper, Flour, Pork Sausage, Sausage Buns, Milk, Cereal
Wine, Cheese, Cantalope, Orange, Rice, Chicken, Spring mix, Spinach, Avacado, Bread, Mango, Apples
Cheesecake, Tea, Diapers, Baby Powder, Grapes, Banana, Cream Cheese, Bagel, Pumpkin pie, Turkey stuffing, Kale, Spinach, Pork chops, Potato
Cream Cheese, Bagel, Tuna, Mayonnaise
Bacon, Eggs, Gravy, Cranberry sauce, Dish detergent, Lysol wipes, Cheese, Wine, Egg nog, Turkey
Eggs, Butter, Cranberries, Apples, Kale, Spinach, Turkey stufing, Cranberry sauce, Almond Milk, Cereal
Cashews, Almonds, Ham, Potato
Pickles, Burger, Pears, Apples, Turkey, Cranberry sauce, Coffee, Milk, Broth, Carrots, Soda, Chips
Mushrooms, Onions, Pomegranates, Banana, Peppers, Tomatoes, Peas, Kidney beans, Cheese, Wine
Cranberries, Apples, Thyme, Rosemary, Flour, Butter, Rainbow Trout, Asparagus, Crackers, Salsa, Potato, Sweet Potato
Tuna, Mayonnaise, Apples, Banana, Eggs, Butter, Potato, Sweet Potato, Chicken, Bread
Cranberry sauce, Turkey stuffing, Cauliflower, Broccoli, Raisans, Peanuts
Pomegranates, Banana, Tea, Milk
Milk, Cereal
Pumpkin, Cranberry sauce, Parchment paper, Flour
Orange, Pineapple, Onions, Mushrooms, Mango, Apples, Rainbow Trout, Asparagus, Cream Cheese, Bagel
Crackers, Salsa, Diapers, Baby Powder, Honey, Tea
Diapers, Baby Powder, Wine, Cheese, Raisans, Peanuts
Raisans, Peanuts, Peanut butter, Bread
Mushrooms, Onions, Parchment paper, Flour, Almond Milk, Cereal, Peas, Kidney beans, Ice cream, Blueberries, Peanuts, Almonds
Turkey stufing, Cranberry sauce
Gravy, Cranberry sauce, Mushrooms, Onions
Squash, Pumpkin, Peas, Kidney beans, Almonds, Peanuts, Ham, Potato, Chips, Salsa, Peppers, Tomatoes
Pork chops, Potato, Tea, Milk, Figs, Almonds, Kale, Spinach, Laundry detergent, Bleach, Asparagus, Salmon
Ground Beef, Bread, Grapes, Banana, Butter, Eggs, Rasberries, Blueberries
Ketchup, Mustard, Spinach, Spring mix, Roast Turkey, Potato, Pickles, Burger
Rice, Chicken, Popcorn, Butter, Cranberry sauce, Turkey stuffing, Bleach, Laundry detergent, Cream, Sugar, Mustard, Ketchup, Diapers, Baby Powder
Almond Milk, Cereal, Kale, Spinach, Apple pie, Tea, Cranberries, Apples
Parchment paper, Flour, Milk, Cereal, Bacon, Eggs, Rasberries, Blueberries, Bleach, Laundry detergent, Sweet Potato, Potato, Maple syrup, Butter
Gravy, Cranberry sauce, Fabric softener, Laundry detergent, Flour, Butter, Rainbow Trout, Asparagus, Oatmeal, Frozen blueberries, Avacado, Bread
Chips, Salsa, Duck, Asparagus, Chicken, Bread, Diapers, Baby Powder, Laundry detergent, Bleach
Ice cream, Blueberries, Laundry detergent, Bleach, Toilet paper, Toilet paper, Thyme, Rosemary, Cod, Bread
Pork chops, Potato
Egg nog, Turkey, Tuna, Mayonnaise, Lysol wipes, Toilet paper, Sugar, Cream, Tea, Milk, Ketchup, Mustard, Gravy, Cranberry sauce
Apple pie, Tea, Onions, Mushrooms, Pasta, Tomatoes, Maple syrup, Butter, Broth, Carrots
Cauliflower, Broccoli, Pork ribs, Potato, Toilet paper, Toilet paper, Eggs, Butter, Cream, Sugar
Cranberry sauce, Turkey stuffing, Maple syrup, Butter, Mayonnaise, Tuna, Coffee, Milk, Pork ribs, Potato, Fabric softener, Laundry detergent
Cream, Sugar, Spinach, Spring mix, Bread, Butter, Pineapple, Blueberries, Pumpkin, Cranberry sauce, Bacon, Eggs, Peppers, Tomatoes
Gravy, Cranberry sauce, Peanut butter, Bread, Cranberries, Apples, Cantalope, Orange, Sweet Potato, Potato, Flour, Butter, Cashews, Almonds
Parchment paper, Flour, Cod, Bread, Cream, Sugar
Egg nog, Turkey, Apple pie, Tea
Toilet paper, Toilet paper, Mushrooms, Onions
Chicken, Bread, Pork Sausage, Sausage Buns, Dish detergent, Lysol wipes, Pumpkin, Cranberry sauce, Ham, Potato
Pumpkin, Cranberry sauce, Cranberries, Apples, Milk, Cereal
Yogurt, Frozen blueberries, Honey, Tea, Pineapple, Blueberries, Raisans, Peanuts, Fennel, Spinach, Duck, Asparagus
Diapers, Baby Powder, Cod, Bread, Frozen blueberries, Banana, Cranberries, Apples, Thyme, Rosemary
Chips, Salsa, Dish detergent, Lysol wipes, Basil, Oregano
Flour, Butter, Banana, Apples, Rib Roast, Potato, Salsa, Chipsj, Rice, Chicken, Mayonnaise, Tuna, Spinach, Spring mix
Soda, Chips, Mango, Apples
Bacon, Eggs
Pumpkin pie, Turkey stuffing, Grapes, Banana
Frozen blueberries, Banana, Pork Sausage, Sausage Buns, Diapers, Baby Powder, Ham, Potato, Bread, Butter, Blueberries, Rasberries
Broccoli, Cauliflower, Scallops, Pasta
Oregano, Basil, Chips, Salsa, Crab, Mayonnaise
Cranberry sauce, Turkey stuffing, Egg nog, Turkey, Crackers, Salsa, Cream, Sugar, Grapes, Banana, Salmon, Asparagus
Fabric softener, Laundry detergent, Cauliflower, Broccoli, Soda, Chips, Oatmeal, Frozen blueberries, Almonds, Peanuts, Cod, Bread, Rasberries, Blueberries
Oregano, Basil
Turkey stufing, Cranberry sauce, Mustard, Ketchup, Laundry detergent, Bleach
Cashews, Almonds, Oatmeal, Frozen blueberries
Cheese, Wine
Scallops, Pasta, Rosemary, Thyme
Turkey stufing, Cranberry sauce, Sugar, Cream, Crackers, Salsa, Tea, Milk, Tuna, Mayonnaise, Orange juice, Eggs
Pasta, Tomatoes, Popcorn, Butter, Figs, Almonds, Dish detergent, Lysol wipes
Rainbow Trout, Asparagus, Peanuts, Almonds, Pork chops, Potato, Maple syrup, Butter, Pears, Apples, Onions, Mushrooms
Mushrooms, Onions, Mustard, Ketchup, Diapers, Baby Powder, Cantalope, Orange, Mayonnaise, Tuna, Cauliflower, Broccoli, Pickles, Burger
Shrimp, Pasta, Sugar, Cream, Cashews, Almonds, Ketchup, Mustard, Pork Sausage, Sausage Buns, Broth, Carrots
Popcorn, Butter, Broccoli, Cauliflower
Brussel Sprouts, Brocolli, Ice cream, Blueberries, Diapers, Baby Powder
Oatmeal, Frozen blueberries
Cashews, Almonds, Apples, Banana, Basil, Oregano, Soda, Chips, Lysol wipes, Toilet paper, Ham, Potato
Roast Turkey, Potato, Kidney beans, Onions, Bleach, Laundry detergent, Tea, Milk, Duck, Asparagus, Frozen blueberries, Banana, Diapers, Baby Powder
Cereal, Milk, Turkey, Cranberry sauce, Salsa, Chipsj, Cod, Bread
Salsa, Chipsj, Fennel, Spinach, Chicken, Bread, Tea, Milk, Orange, Pineapple, Squash, Pumpkin, Eggs, Butter
Pork ribs, Potato, Chocolate, Chocolate, Peanut butter, Bread
Peppers, Tomatoes, Shrimp, Pasta
Cream Cheese, Bagel, Dish detergent, Lysol wipes, Maple syrup, Butter, Salmon, Asparagus, Lamb, Potato
Bleach, Laundry detergent, Blueberries, Rasberries, Fennel, Spinach, Crackers, Salsa
Tea, Milk, Onions, Mushrooms, Cantalope, Orange, Apples, Banana, Peanut butter, Bread, Yogurt, Frozen blueberries
Ice cream, Blueberries, Mustard, Ketchup
Roast Turkey, Potato, Cashews, Almonds
Pumpkin, Cranberry sauce, Honey, Tea
Crab, Mayonnaise, Ice cream, Blueberries, Maple syrup, Butter, Duck, Asparagus
Yogurt, Frozen blueberries, Cranberries, Apples, Peanuts, Almonds, Parchment paper, Flour, Cod, Bread, Pomegranates, Banana
Pickles, Burger, Parchment paper, Flour, Croissants, Butter, Mustard, Ketchup, Rosemary, Thyme, Cheesecake, Tea, Turkey, Cranberry sauce
Cereal, Milk, Mustard, Ketchup
Turkey, Cranberry sauce, Orange, Pineapple, Pickles, Burger, Cheesecake, Tea, Figs, Almonds
Eggs, Butter, Salmon, Asparagus, Avacado, Bread, Rosemary, Thyme, Soda, Chips, Peanuts, Almonds
Onions, Mushrooms
